iter	MultiClass
0	1.066453655
1	1.055891048
2	1.049057801
3	1.04350981
4	1.040383624
5	1.037505123
6	1.033539856
7	1.030754762
8	1.025918341
9	1.023393872
10	1.021172243
11	1.018624897
12	1.016338803
13	1.014984351
14	1.012271125
15	1.00930223
16	1.006703502
17	1.003855331
18	1.001699768
19	0.9984893128
