iter	MultiClass
0	1.065339068
1	1.053563741
2	1.04614472
3	1.041245806
4	1.038233156
5	1.035495256
6	1.033292488
7	1.029667216
8	1.028036584
9	1.026581017
10	1.023587155
11	1.022051183
12	1.020487103
13	1.017212241
14	1.015355116
15	1.013013691
16	1.010787945
17	1.008346189
18	1.004856577
19	1.00344121
