iter	MultiClass
0	1.065438849
1	1.053468149
2	1.046000395
3	1.041490372
4	1.037477104
5	1.035750919
6	1.033621421
7	1.031542922
8	1.029381648
9	1.027889449
10	1.023510891
11	1.021396328
12	1.019790457
13	1.017591528
14	1.016454449
15	1.014395256
16	1.013320565
17	1.011203429
18	1.008912791
19	1.006970381
