iter	MultiClass
0	1.065420408
1	1.053682974
2	1.047162539
3	1.041393898
4	1.038153143
5	1.035200937
6	1.032379329
7	1.030232814
8	1.028370834
9	1.026936707
10	1.024480679
11	1.022921145
12	1.021326223
13	1.018557979
14	1.016979709
15	1.015258564
16	1.013901203
17	1.009523036
18	1.007285119
19	1.005286325
