iter	MultiClass
0	1.065552234
1	1.053459451
2	1.046415268
3	1.041369451
4	1.038590843
5	1.035256061
6	1.032499838
7	1.029771657
8	1.027874057
9	1.026404356
10	1.02324282
11	1.021278377
12	1.019381249
13	1.017746122
14	1.016067063
15	1.01403745
16	1.011319812
17	1.009064025
18	1.006235028
19	1.004250981
