iter	MultiClass
0	1.065500451
1	1.053412156
2	1.046368237
3	1.040548637
4	1.037818149
5	1.035840144
6	1.033573727
7	1.031598583
8	1.029486973
9	1.028055721
10	1.024468052
11	1.022416789
12	1.020392345
13	1.018906993
14	1.017554858
15	1.015559417
16	1.014503568
17	1.012611055
18	1.010430205
19	1.007183423
